"Adrian","Beukes","AdrianBeukes@gmail.com","dc647eb65e6711e155375218212b39"
"Adrian","Beukes","Adrian@Gmail.com","81dc9bdb52d04dc20036dbd8313ed0"
"djdjdd","dddd","dddd@gmail.com","74b87337454200d4d33f80c4663dc5"
"a","b","beukes@Gmail.com","d404559f602eab6fd602ac7680dacb"
"Dylan","Matthews","S@gmail.com","006b225535c5508ab764ea102b6148"
"as","as","as@gmail.com","d404559f602eab6fd602ac7680dacb"
"Dylan","Matthews","10dylanmatthews@gmail.com","1f40fc92da241694750979ee6cf582"
"aD","bE","aD@Gmail.com","03ac674216f3e15c761ee1a5e255f0"
"jj","jj","1@j.,n","6b86b273ff34fce19d6b804eff5a3f"
"Dylan","Matthews","dylan@gmail.com","ca978112ca1bbdcafac231b39a23dc"
"gggg","ggggg","ggg@g.ggg","cd0aa9856147b6c5b4ff2b7dfee5da"
"s","s","s@g.com","2c1ee68372215b1ce064426b5cdbd4"
"e","e","e@Gmail.com","e"
"w","w","w@gmail.com","aa66509891ad28030349ba9581e8c9"
"q","q","q@gmail.com","q"
"bob","smith","bsmith@Gmail.com","bs"
"joe","smith","jsmith@Gmail.com","12345678Js"
"jack","bob","jbob@Gmail.com","jbob"
"jack","smith","jasmith@Gmail.com","jsmith"
"john","legend","jlegend@Gmail.com","jleg"
"steve","irwin","stevo@Gmail.com","stevo"
"man","bear","mbear@Gmail.com","theBear"
"partick","stewart","ps@Gmail.com","pstew"
"stewie","griffin","stews@Gmail.com","stews"
"marge","simpsons","simp@Gmail.com","homer"
"homer","simpsons","homes@Gmail.com","marge"
"lisa","simpsons","lisaS@Gmail.com","school"
"bart","simpsons","hi@Gmail.com","fun"
"duff","man","beer@Gmail.com","beer"
"uhm","noIdea","Nada@Gmail.com","nothing"
